step,lane,answer_ce,answer_acc,tail_gate,fill_gate
25,exact,2.90809,0.03125,0,0
25,kimi,2.85214,0.03125,0,0
25,srd,2.83157,0.03125,0.945585,0.927832
25,srd_f,2.91199,0,0.925053,0.925739
50,exact,2.28679,0.09375,0,0
50,kimi,2.28295,0.09375,0,0
50,srd,2.29811,0.09375,0.942457,0.866483
50,srd_f,2.34148,0.09375,0.863849,0.865522
75,exact,2.13658,0.125,0,0
75,kimi,2.13955,0.125,0,0
75,srd,2.12633,0.125,0.925103,0.782276
75,srd_f,2.16137,0.125,0.865727,0.873189
100,exact,2.23336,0.15625,0,0
100,kimi,2.21499,0.15625,0,0
100,srd,2.21845,0.125,0.876434,0.686335
100,srd_f,2.22147,0.125,0.841819,0.846947
125,exact,2.13085,0.03125,0,0
125,kimi,2.09568,0.21875,0,0
125,srd,2.09248,0.25,0.840205,0.565561
125,srd_f,2.08552,0.1875,0.827448,0.83207
150,exact,2.19989,0.125,0,0
150,kimi,2.19588,0.125,0,0
150,srd,2.19111,0.125,0.798408,0.446076
150,srd_f,2.19037,0.125,0.811743,0.813696
175,exact,2.09163,0.125,0,0
175,kimi,2.09587,0.09375,0,0
175,srd,2.09455,0.09375,0.763073,0.362759
175,srd_f,2.11337,0.09375,0.804399,0.806757
200,exact,2.16364,0.15625,0,0
200,kimi,2.16632,0.15625,0,0
200,srd,2.17464,0.15625,0.729977,0.325094
200,srd_f,2.16004,0.15625,0.789125,0.788041
225,exact,2.15414,0.15625,0,0
225,kimi,2.16098,0.15625,0,0
225,srd,2.15158,0.15625,0.689689,0.306981
225,srd_f,2.17006,0.15625,0.816654,0.811516
250,exact,2.05996,0.15625,0,0
250,kimi,2.04176,0.21875,0,0
250,srd,2.04165,0.21875,0.65634,0.299992
250,srd_f,2.04088,0.21875,0.76501,0.774486
275,exact,2.0626,0.1875,0,0
275,kimi,2.0776,0.1875,0,0
275,srd,2.07984,0.1875,0.64015,0.293886
275,srd_f,2.07472,0.1875,0.767999,0.764066
300,exact,2.19706,0.15625,0,0
300,kimi,2.22595,0.15625,0,0
300,srd,2.2358,0.15625,0.618759,0.291013
300,srd_f,2.25552,0.15625,0.75157,0.75212
325,exact,2.20501,0.03125,0,0
325,kimi,2.19581,0.03125,0,0
325,srd,2.17952,0.03125,0.606993,0.290432
325,srd_f,2.17872,0.03125,0.732885,0.740873
350,exact,2.09515,0.0625,0,0
350,kimi,2.09098,0.0625,0,0
350,srd,2.09573,0.0625,0.595633,0.287808
350,srd_f,2.09552,0.0625,0.739494,0.731739
375,exact,2.13824,0.15625,0,0
375,kimi,2.13421,0.15625,0,0
375,srd,2.14119,0.15625,0.585012,0.287649
375,srd_f,2.13464,0.15625,0.719566,0.724223
400,exact,2.25423,0.09375,0,0
400,kimi,2.27447,0.09375,0,0
400,srd,2.24272,0.09375,0.574015,0.286155
400,srd_f,2.24973,0.09375,0.858141,0.836572
425,exact,2.01785,0.1875,0,0
425,kimi,2.01613,0.1875,0,0
425,srd,2.01792,0.1875,0.565015,0.285876
425,srd_f,2.02401,0.1875,0.765038,0.757031
450,exact,2.25398,0.0625,0,0
450,kimi,2.26194,0.0625,0,0
450,srd,2.26307,0.0625,0.555232,0.286165
450,srd_f,2.2578,0.0625,0.781295,0.774686
475,exact,2.13665,0.125,0,0
475,kimi,2.13335,0.125,0,0
475,srd,2.1384,0.125,0.542152,0.286465
475,srd_f,2.1336,0.15625,0.734809,0.732947
500,exact,2.14923,0.0625,0,0
500,kimi,2.15194,0.0625,0,0
500,srd,2.23984,0.0625,0.656016,0.722052
500,srd_f,2.15945,0.0625,0.710354,0.717118
525,exact,2.18393,0.15625,0,0
525,kimi,2.18084,0.15625,0,0
525,srd,2.46557,0.125,0.928725,0.731274
525,srd_f,2.18794,0.15625,0.69823,0.701337
550,exact,3.05099,0.09375,0,0
550,kimi,2.06479,0.1875,0,0
550,srd,2.0659,0.1875,0.832362,0.750871
550,srd_f,2.06588,0.1875,0.694191,0.694046
575,exact,2.24036,0.15625,0,0
575,kimi,2.22849,0.15625,0,0
575,srd,2.28024,0.1875,0.764627,0.633783
575,srd_f,2.22952,0.15625,0.693477,0.685495
600,exact,2.08595,0.21875,0,0
600,kimi,2.22071,0.125,0,0
600,srd,2.10287,0.125,0.740105,0.551979
600,srd_f,2.08684,0.21875,0.665241,0.676953
625,exact,2.12637,0.125,0,0
625,kimi,2.07817,0.125,0,0
625,srd,2.08443,0.125,0.804128,0.454012
625,srd_f,2.10831,0.125,0.755137,0.759434
650,exact,2.12087,0.25,0,0
650,kimi,2.114,0.21875,0,0
650,srd,2.10822,0.21875,0.778159,0.3867
650,srd_f,2.13199,0.21875,0.704516,0.695265
675,exact,2.18956,0.0625,0,0
675,kimi,2.13665,0.09375,0,0
675,srd,2.13819,0.09375,0.742223,0.341418
675,srd_f,2.13307,0.09375,0.682515,0.682015
700,exact,2.11958,0.0625,0,0
700,kimi,2.06985,0.21875,0,0
700,srd,2.08688,0.09375,0.723117,0.3428
700,srd_f,2.09184,0.1875,0.690786,0.698176
725,exact,2.17931,0.09375,0,0
725,kimi,2.18211,0.03125,0,0
725,srd,2.20007,0.03125,0.693851,0.308403
725,srd_f,2.19423,0.03125,0.708358,0.695593
750,exact,2.17338,0.03125,0,0
750,kimi,2.15868,0.09375,0,0
750,srd,2.15347,0.09375,0.675448,0.297401
750,srd_f,2.16925,0.09375,0.67113,0.663101
775,exact,2.14183,0.125,0,0
775,kimi,2.14,0.125,0,0
775,srd,2.1498,0.125,0.648653,0.289137
775,srd_f,2.14727,0.125,0.649006,0.652575
800,exact,2.1317,0.1875,0,0
800,kimi,2.12983,0.1875,0,0
800,srd,2.12678,0.1875,0.623262,0.287767
800,srd_f,2.12522,0.125,0.680311,0.676917
825,exact,2.11232,0.09375,0,0
825,kimi,2.113,0.09375,0,0
825,srd,2.11249,0.09375,0.589282,0.288902
825,srd_f,2.11863,0.125,0.71612,0.709912
850,exact,2.12313,0.125,0,0
850,kimi,2.12437,0.125,0,0
850,srd,2.126,0.125,0.549197,0.285397
850,srd_f,2.11984,0.125,0.657922,0.651729
875,exact,2.08822,0.125,0,0
875,kimi,2.0903,0.125,0,0
875,srd,2.08533,0.125,0.490482,0.28394
875,srd_f,2.09499,0.125,0.64985,0.637877
900,exact,2.08786,0.09375,0,0
900,kimi,2.08837,0.09375,0,0
900,srd,2.08328,0.09375,0.426965,0.28356
900,srd_f,2.08453,0.09375,0.619932,0.624677
925,exact,2.11405,0.125,0,0
925,kimi,2.12236,0.125,0,0
925,srd,2.11705,0.125,0.400697,0.283461
925,srd_f,2.11858,0.125,0.622377,0.619555
950,exact,2.17245,0.03125,0,0
950,kimi,2.17623,0.03125,0,0
950,srd,2.17347,0.03125,0.394602,0.28173
950,srd_f,2.17194,0.03125,0.606007,0.613662
975,exact,2.14321,0.0625,0,0
975,kimi,2.13938,0.0625,0,0
975,srd,2.13481,0.0625,0.350971,0.281675
975,srd_f,2.13615,0.0625,0.608101,0.612299
1000,exact,2.08458,0.21875,0,0
1000,kimi,2.09659,0.125,0,0
1000,srd,2.09359,0.21875,0.609056,0.369998
1000,srd_f,2.09224,0.21875,0.610696,0.606368
1025,exact,2.13179,0.0625,0,0
1025,kimi,2.12137,0.0625,0,0
1025,srd,2.13526,0.0625,0.569894,0.371484
1025,srd_f,2.13054,0.0625,0.5981,0.603879
1050,exact,2.13154,0.03125,0,0
1050,kimi,2.13526,0.09375,0,0
1050,srd,2.13038,0.09375,0.50461,0.328852
1050,srd_f,2.13404,0.09375,0.607241,0.603269
1075,exact,2.22089,0.03125,0,0
1075,kimi,2.20167,0.03125,0,0
1075,srd,2.21431,0.03125,0.461914,0.304506
1075,srd_f,2.20948,0.03125,0.602921,0.60156
1100,exact,2.17996,0.0625,0,0
1100,kimi,2.17638,0.0625,0,0
1100,srd,2.17277,0.0625,0.433024,0.293419
1100,srd_f,2.17983,0.0625,0.614873,0.632625
1125,exact,2.0723,0.15625,0,0
1125,kimi,2.08468,0.15625,0,0
1125,srd,2.075,0.15625,0.416162,0.288941
1125,srd_f,2.07575,0.15625,0.608849,0.606547
1150,exact,2.14274,0.09375,0,0
1150,kimi,2.13427,0.09375,0,0
1150,srd,2.14222,0.09375,0.408801,0.285608
1150,srd_f,2.12341,0.09375,0.601958,0.603222
1175,exact,2.0976,0.0625,0,0
1175,kimi,2.11213,0.0625,0,0
1175,srd,2.0871,0.15625,0.398445,0.285156
1175,srd_f,2.12254,0.0625,0.682947,0.670755
1200,exact,2.06636,0.125,0,0
1200,kimi,2.07156,0.125,0,0
1200,srd,2.0727,0.125,0.394203,0.285345
1200,srd_f,2.08825,0.125,0.780841,0.776225
1225,exact,2.06258,0.21875,0,0
1225,kimi,2.06335,0.21875,0,0
1225,srd,2.07401,0.21875,0.38454,0.284086
1225,srd_f,2.06494,0.125,0.730272,0.73051
1250,exact,2.10421,0.15625,0,0
1250,kimi,2.11651,0.15625,0,0
1250,srd,2.1073,0.15625,0.368078,0.284255
1250,srd_f,2.11029,0.15625,0.671893,0.663257
1275,exact,2.07359,0.09375,0,0
1275,kimi,2.08315,0.125,0,0
1275,srd,2.09027,0.125,0.357928,0.283982
1275,srd_f,2.09671,0.125,0.63632,0.631991
1300,exact,2.04408,0.15625,0,0
1300,kimi,2.05096,0.15625,0,0
1300,srd,2.04347,0.15625,0.347377,0.283564
1300,srd_f,2.05697,0.09375,0.628072,0.614744
1325,exact,2.13082,0.0625,0,0
1325,kimi,2.15397,0.0625,0,0
1325,srd,2.14748,0.0625,0.34491,0.282131
1325,srd_f,2.14052,0.0625,0.673301,0.671552
1350,exact,2.23854,0.125,0,0
1350,kimi,2.21364,0.125,0,0
1350,srd,2.17085,0.15625,0.346959,0.280834
1350,srd_f,2.2099,0.125,0.605688,0.6144
1375,exact,2.10191,0.125,0,0
1375,kimi,2.10948,0.125,0,0
1375,srd,2.10354,0.125,0.360307,0.281005
1375,srd_f,2.11665,0.125,0.597812,0.60103
1400,exact,2.07682,0.125,0,0
1400,kimi,2.08085,0.125,0,0
1400,srd,2.08272,0.125,0.347188,0.280865
1400,srd_f,2.07974,0.125,0.737348,0.715134
1425,exact,2.16968,0.09375,0,0
1425,kimi,2.17186,0.03125,0,0
1425,srd,2.16448,0.03125,0.33385,0.279292
1425,srd_f,2.18159,0.0625,0.675036,0.669797
1450,exact,2.11142,0.0625,0,0
1450,kimi,2.10493,0.0625,0,0
1450,srd,2.10385,0.0625,0.32636,0.28038
1450,srd_f,2.10446,0.0625,0.597255,0.607535
1475,exact,2.18813,0.03125,0,0
1475,kimi,2.17088,0.03125,0,0
1475,srd,2.17133,0.03125,0.322827,0.281217
1475,srd_f,2.17048,0.03125,0.605945,0.591431
1500,exact,2.05366,0.1875,0,0
1500,kimi,2.06132,0.1875,0,0
1500,srd,2.04741,0.1875,0.315495,0.279734
1500,srd_f,2.05099,0.1875,0.583993,0.588986
1525,exact,2.07114,0.1875,0,0
1525,kimi,2.06698,0.1875,0,0
1525,srd,2.06788,0.1875,0.315161,0.279469
1525,srd_f,2.04009,0.1875,0.581407,0.582161
1550,exact,2.07642,0.21875,0,0
1550,kimi,2.07387,0.21875,0,0
1550,srd,2.06879,0.21875,0.313489,0.279775
1550,srd_f,2.07586,0.21875,0.578772,0.579926
1575,exact,2.10244,0.125,0,0
1575,kimi,2.10107,0.125,0,0
1575,srd,2.09571,0.125,0.306962,0.278851
1575,srd_f,2.09255,0.125,0.574792,0.57694
1600,exact,2.17708,0.0625,0,0
1600,kimi,2.17142,0.0625,0,0
1600,srd,2.17394,0.0625,0.305257,0.278596
1600,srd_f,2.1455,0.0625,0.703653,0.702548
1625,exact,2.13257,0.09375,0,0
1625,kimi,2.13519,0.09375,0,0
1625,srd,2.11867,0.09375,0.303111,0.278346
1625,srd_f,2.13057,0.09375,0.587944,0.597038
1650,exact,2.13155,0.09375,0,0
1650,kimi,2.13204,0.09375,0,0
1650,srd,2.11479,0.25,0.307251,0.279449
1650,srd_f,2.11484,0.125,0.593004,0.584906
1675,exact,2.13635,0.09375,0,0
1675,kimi,2.13317,0.09375,0,0
1675,srd,2.10871,0.21875,0.304851,0.279357
1675,srd_f,2.12052,0.09375,0.586027,0.577498
1700,exact,2.09788,0.09375,0,0
1700,kimi,2.09395,0.09375,0,0
1700,srd,2.1122,0.09375,0.312882,0.278586
1700,srd_f,2.03875,0.21875,0.579872,0.574599
1725,exact,2.14062,0.21875,0,0
1725,kimi,2.13518,0.21875,0,0
1725,srd,2.11138,0.21875,0.324285,0.279484
1725,srd_f,2.1256,0.0625,0.582733,0.580758
1750,exact,2.07816,0.0625,0,0
1750,kimi,2.09928,0.0625,0,0
1750,srd,2.0536,0.15625,0.324712,0.279476
1750,srd_f,2.05128,0.15625,0.707586,0.714645
1775,exact,2.04381,0.21875,0,0
1775,kimi,2.05096,0.21875,0,0
1775,srd,2.0237,0.21875,0.328128,0.279669
1775,srd_f,2.02791,0.1875,0.593571,0.600169
1800,exact,2.20105,0.03125,0,0
1800,kimi,2.20958,0.03125,0,0
1800,srd,2.14337,0.125,0.324958,0.280432
1800,srd_f,2.35736,0.03125,0.58012,0.584625
1825,exact,2.08516,0.15625,0,0
1825,kimi,2.0742,0.1875,0,0
1825,srd,2.03318,0.21875,0.332797,0.286017
1825,srd_f,2.09462,0.1875,0.572729,0.574061
1850,exact,2.12936,0.125,0,0
1850,kimi,2.14407,0.125,0,0
1850,srd,2.13983,0.0625,0.323259,0.283475
1850,srd_f,2.13662,0.125,0.565347,0.564397
1875,exact,2.10171,0.0625,0,0
1875,kimi,2.09892,0.0625,0,0
1875,srd,1.95654,0.21875,0.356988,0.309557
1875,srd_f,2.10008,0.0625,0.565222,0.562841
1900,exact,2.1313,0.0625,0,0
1900,kimi,2.13213,0.0625,0,0
1900,srd,1.9694,0.28125,0.49343,0.322818
1900,srd_f,2.12997,0.0625,0.563371,0.560177
1925,exact,2.07945,0.15625,0,0
1925,kimi,2.08488,0.15625,0,0
1925,srd,1.90675,0.21875,0.468661,0.355426
1925,srd_f,2.0775,0.15625,0.560742,0.555214
1950,exact,2.04122,0.15625,0,0
1950,kimi,2.04256,0.15625,0,0
1950,srd,2.06149,0.09375,0.512336,0.323905
1950,srd_f,2.04937,0.15625,0.550402,0.554771
1975,exact,2.0995,0.0625,0,0
1975,kimi,2.09894,0.0625,0,0
1975,srd,2.07817,0.0625,0.4716,0.30221
1975,srd_f,2.10424,0.0625,0.549516,0.556495
2000,exact,2.08024,0.1875,0,0
2000,kimi,2.08203,0.1875,0,0
2000,srd,1.82797,0.40625,0.433648,0.290803
2000,srd_f,2.08015,0.1875,0.556086,0.552333
2025,exact,2.14966,0.1875,0,0
2025,kimi,2.14558,0.1875,0,0
2025,srd,1.75794,0.34375,0.408939,0.286724
2025,srd_f,2.11884,0.1875,0.556714,0.547845
2050,exact,2.05425,0.21875,0,0
2050,kimi,2.05896,0.15625,0,0
2050,srd,1.76946,0.1875,0.402505,0.291613
2050,srd_f,2.03793,0.21875,0.600856,0.586753
2075,exact,2.10946,0.125,0,0
2075,kimi,2.11251,0.125,0,0
2075,srd,1.7177,0.25,0.411237,0.289928
2075,srd_f,2.22503,0.0625,0.782245,0.77619
2100,exact,2.05738,0.15625,0,0
2100,kimi,2.05714,0.15625,0,0
2100,srd,1.97493,0.15625,0.40304,0.284489
2100,srd_f,2.02154,0.15625,0.638448,0.627844
2125,exact,2.13149,0.09375,0,0
2125,kimi,2.13521,0.09375,0,0
2125,srd,2.03888,0.1875,0.39037,0.289523
2125,srd_f,2.05594,0.09375,0.570002,0.566454
2150,exact,2.1273,0.21875,0,0
2150,kimi,2.12391,0.1875,0,0
2150,srd,1.81936,0.3125,0.396753,0.286922
2150,srd_f,2.03275,0.125,0.560001,0.556929
2175,exact,2.10622,0.0625,0,0
2175,kimi,2.10841,0.0625,0,0
2175,srd,1.70247,0.1875,0.365441,0.286452
2175,srd_f,2.04056,0.15625,0.540038,0.550187
2200,exact,2.1084,0.09375,0,0
2200,kimi,2.1086,0.09375,0,0
2200,srd,1.76888,0.1875,0.353946,0.284683
2200,srd_f,1.98969,0.21875,0.553312,0.551008
2225,exact,2.15563,0.09375,0,0
2225,kimi,2.15304,0.09375,0,0
2225,srd,1.73626,0.15625,0.338166,0.284313
2225,srd_f,2.03296,0.1875,0.550093,0.55193
2250,exact,2.08527,0.125,0,0
2250,kimi,2.08467,0.125,0,0
2250,srd,1.57233,0.28125,0.333172,0.281906
2250,srd_f,1.95817,0.15625,0.546905,0.552348
2275,exact,2.11854,0.09375,0,0
2275,kimi,2.1185,0.09375,0,0
2275,srd,1.74913,0.3125,0.33179,0.280769
2275,srd_f,1.95093,0.21875,0.559992,0.545501
2300,exact,2.09467,0.1875,0,0
2300,kimi,2.09427,0.1875,0,0
2300,srd,1.74562,0.34375,0.32819,0.280925
2300,srd_f,1.8899,0.28125,0.535508,0.545732
2325,exact,2.10125,0.1875,0,0
2325,kimi,2.10032,0.1875,0,0
2325,srd,1.61672,0.28125,0.316795,0.281312
2325,srd_f,1.93957,0.21875,0.561509,0.552998
2350,exact,2.03156,0.21875,0,0
2350,kimi,2.03169,0.21875,0,0
2350,srd,1.6132,0.3125,0.316126,0.281399
2350,srd_f,1.97663,0.21875,0.557468,0.542432
2375,exact,2.10068,0.125,0,0
2375,kimi,2.10009,0.125,0,0
2375,srd,1.64734,0.3125,0.305698,0.279477
2375,srd_f,1.95382,0.21875,0.536172,0.548983
2400,exact,2.06728,0.21875,0,0
2400,kimi,2.06692,0.21875,0,0
2400,srd,1.71398,0.375,0.316931,0.281361
2400,srd_f,1.94936,0.15625,0.555019,0.548091
2425,exact,2.11092,0.125,0,0
2425,kimi,2.109,0.125,0,0
2425,srd,1.59661,0.3125,0.354859,0.287593
2425,srd_f,2.04615,0.125,0.646139,0.647387
2450,exact,2.17234,0.03125,0,0
2450,kimi,2.17203,0.03125,0,0
2450,srd,1.6424,0.21875,0.319047,0.28237
2450,srd_f,2.1207,0.09375,0.620022,0.617086
2475,exact,2.06994,0.15625,0,0
2475,kimi,2.07396,0.15625,0,0
2475,srd,1.61955,0.3125,0.318195,0.281931
2475,srd_f,1.93725,0.3125,0.586447,0.583967
2500,exact,2.05436,0.21875,0,0
2500,kimi,2.0619,0.21875,0,0
2500,srd,1.67495,0.25,0.305189,0.280578
2500,srd_f,1.85614,0.3125,0.559809,0.558564
2525,exact,2.06201,0.1875,0,0
2525,kimi,2.06719,0.1875,0,0
2525,srd,1.66062,0.375,0.305417,0.278299
2525,srd_f,1.87545,0.125,0.548732,0.548005
2550,exact,2.12247,0.125,0,0
2550,kimi,2.13675,0.125,0,0
2550,srd,1.6373,0.40625,0.324188,0.281162
2550,srd_f,1.9987,0.125,0.544859,0.548717
2575,exact,2.06766,0.1875,0,0
2575,kimi,2.06766,0.1875,0,0
2575,srd,1.62568,0.3125,0.298697,0.279472
2575,srd_f,1.86778,0.375,0.587619,0.582145
2600,exact,2.1251,0.125,0,0
2600,kimi,2.1396,0.125,0,0
2600,srd,1.63532,0.34375,0.297532,0.279263
2600,srd_f,1.79734,0.34375,0.569098,0.569174
2625,exact,2.09406,0.03125,0,0
2625,kimi,2.09335,0.0625,0,0
2625,srd,1.73061,0.25,0.2944,0.278407
2625,srd_f,1.84521,0.0625,0.542124,0.549101
2650,exact,2.11029,0.1875,0,0
2650,kimi,2.11217,0.1875,0,0
2650,srd,1.64643,0.4375,0.292775,0.279149
2650,srd_f,1.78787,0.09375,0.544683,0.54425
2675,exact,2.19961,0.03125,0,0
2675,kimi,2.2029,0.03125,0,0
2675,srd,1.72564,0.15625,0.300915,0.280788
2675,srd_f,1.89819,0.09375,0.536506,0.542599
2700,exact,2.07566,0.1875,0,0
2700,kimi,2.07279,0.1875,0,0
2700,srd,1.65085,0.34375,0.382198,0.286891
2700,srd_f,1.71421,0.3125,0.542528,0.536963
2725,exact,2.09606,0.0625,0,0
2725,kimi,2.09351,0.0625,0,0
2725,srd,1.85317,0.21875,0.462351,0.421163
2725,srd_f,1.77091,0.1875,0.537293,0.540537
2750,exact,2.08705,0.09375,0,0
2750,kimi,2.0954,0.03125,0,0
2750,srd,1.81265,0.3125,0.368563,0.331704
2750,srd_f,1.82087,0.125,0.538578,0.538965
2775,exact,2.07935,0.15625,0,0
2775,kimi,2.08354,0.15625,0,0
2775,srd,1.65983,0.40625,0.366188,0.308469
2775,srd_f,1.77858,0.21875,0.552959,0.547728
2800,exact,2.15166,0.125,0,0
2800,kimi,2.15318,0.125,0,0
2800,srd,1.57394,0.34375,0.321302,0.291713
2800,srd_f,1.7809,0.28125,0.533866,0.536708
2825,exact,2.15288,0.125,0,0
2825,kimi,2.14643,0.09375,0,0
2825,srd,1.56809,0.3125,0.340478,0.287365
2825,srd_f,1.83258,0.3125,0.545153,0.534159
2850,exact,2.13438,0.125,0,0
2850,kimi,2.12937,0.125,0,0
2850,srd,1.62237,0.34375,0.327208,0.284003
2850,srd_f,1.72147,0.28125,0.533377,0.534716
2875,exact,2.06618,0.125,0,0
2875,kimi,2.06779,0.21875,0,0
2875,srd,1.51284,0.3125,0.309955,0.280155
2875,srd_f,1.74554,0.25,0.538107,0.53373
2900,exact,2.10584,0.15625,0,0
2900,kimi,2.09729,0.15625,0,0
2900,srd,1.67,0.21875,0.30876,0.279198
2900,srd_f,1.77531,0.375,0.54081,0.53237
2925,exact,2.16482,0.1875,0,0
2925,kimi,2.16225,0.1875,0,0
2925,srd,1.55304,0.4375,0.298221,0.278501
2925,srd_f,1.8203,0.09375,0.532635,0.531914
2950,exact,2.06956,0.21875,0,0
2950,kimi,2.07182,0.21875,0,0
2950,srd,1.48841,0.3125,0.304604,0.282351
2950,srd_f,1.76184,0.28125,0.529331,0.529143
2975,exact,2.13335,0.0625,0,0
2975,kimi,2.13313,0.0625,0,0
2975,srd,1.52119,0.34375,0.316016,0.285751
2975,srd_f,1.76671,0.28125,0.527896,0.536346
3000,exact,2.06569,0.125,0,0
3000,kimi,2.06805,0.125,0,0
3000,srd,1.53946,0.4375,0.329149,0.284267
3000,srd_f,1.66186,0.375,0.535187,0.539717
